Resource Type,Check ID,Check Name,Description (one-liner),Default Action,Payload Generation,Payload Scenarios,Test Cases,Test Type,Dedicated Test Files,Parameters
asg,asg_idle_capacity_high,ASG Idle Capacity High,Identifies ASGs with excess idle capacity based on CPU-driven estimate,reduce_idle_capacity,No,,No,,,lookback_days;target_cpu_utilization;min_idle_instances;region
asg,asg_launch_template_old_generation,ASG Launch Template Old Generation,Identifies ASGs running older instance generations,upgrade_instance_generation,No,,No,,,min_generation;region
asg,asg_low_cpu_overprovisioned,ASG Low CPU Overprovisioned,Identifies ASGs with low CPU utilization and extra capacity above minimum,reduce_desired_or_instance_size,No,,No,,,lookback_days;cpu_threshold;min_extra_capacity;region
asg,asg_low_traffic_with_running_instances,ASG Low Traffic With Running Instances,Identifies ASGs with low traffic and low CPU despite running instances,scale_down_or_schedule_off_hours,No,,No,,,lookback_days;max_avg_cpu;max_network_gb_total;min_running_instances;region
asg,asg_non_graviton_candidates,ASG Non-Graviton Candidates,Identifies ASGs likely suitable for Graviton migration,migrate_to_graviton_candidates,No,,No,,,allowed_families;min_instances;region
asg,asg_on_demand_heavy_mix,ASG On-Demand Heavy Mix,Identifies ASGs with high On-Demand ratio where Spot mix may reduce cost,increase_spot_mix_safely,No,,No,,,min_on_demand_ratio;min_instances;region
asg,asg_scale_in_never_triggered,ASG Scale-In Never Triggered,Identifies ASGs with repeated scale-out but no scale-in activities,tune_scale_in_policies,No,,No,,,min_scale_out_activities;max_activity_records;region
asg,asg_scheduled_scaling_mismatch,ASG Scheduled Scaling Mismatch,Identifies ASGs with high scheduled desired capacity but low utilization,adjust_scheduled_scaling,No,,No,,,lookback_days;max_cpu_during_schedule;min_scheduled_desired_capacity;region
asg,asg_warm_pool_oversized,ASG Warm Pool Oversized,Identifies ASGs with oversized warm pools relative to in-service capacity,reduce_warm_pool_size,No,,No,,,max_warm_to_inservice_ratio;min_warm_instances;region
athena_workgroup,athena_workgroups_older_engine_version,Athena Workgroups Older Engine Version,Identifies Athena workgroups using engine major version lower than minimum,upgrade_engine_version,No,,No,,,min_engine_major_version;include_states;region
aurora_cluster,aurora_excess_reader_instances,Aurora Excess Reader Instances,Identifies Aurora clusters with more reader instances than needed,reduce_reader_count,No,,No,,,lookback_days;min_readers;cpu_threshold;replica_lag_threshold_ms;region
aurora_cluster,aurora_high_backup_retention_without_need,Aurora High Backup Retention Without Need,Identifies Aurora clusters with backup retention above threshold,reduce_backup_retention,No,,No,,,max_retention_days;region
aurora_cluster,aurora_idle_clusters,Aurora Idle Clusters,Identifies Aurora clusters with low CPU and low connections,downsize_or_pause_nonprod,No,,No,,,lookback_days;cpu_threshold;connections_threshold;region
aurora_cluster,aurora_provisioned_vs_serverless_mismatch,Aurora Provisioned vs Serverless Mismatch,Identifies provisioned Aurora clusters that may be better suited for Serverless v2,evaluate_serverless_v2,No,,No,,,lookback_days;cpu_threshold;connections_threshold;region
aurora_cluster,aurora_serverless_v2_min_acu_too_high,Aurora Serverless v2 Min ACU Too High,Identifies Aurora Serverless v2 clusters with high minimum ACU relative to observed load,lower_min_acu,No,,No,,,lookback_days;min_acu_threshold;avg_capacity_ratio_threshold;region
aurora_cluster,aurora_storage_type_not_io_optimized_candidate,Aurora Storage Type Not I/O-Optimized Candidate,Identifies Aurora I/O-Optimized clusters with low I/O patterns,evaluate_standard_storage_type,No,,No,,,lookback_days;max_read_iops;max_write_iops;region
aurora_cluster_snapshot,aurora_old_manual_snapshots,Aurora Old Manual Snapshots,Identifies Aurora manual snapshots older than threshold,delete_old_manual_snapshot,No,,No,,,min_age_days;region
aurora_global_cluster,aurora_cross_region_replication_unused,Aurora Cross-Region Replication Unused,Identifies Aurora Global Database setups that may be unnecessary for current load,review_cross_region_replication_need,No,,No,,,lookback_days;cpu_threshold;region
aurora_instance,aurora_non_graviton_instances,Aurora Non-Graviton Instances,Identifies Aurora instances that are not using Graviton classes,migrate_to_graviton,No,,No,,,region
aurora_instance,aurora_overprovisioned_instance_class,Aurora Overprovisioned Instance Class,Identifies Aurora instances with low CPU and high freeable memory,downsize_instance_class,No,,No,,,lookback_days;cpu_threshold;freeable_memory_threshold_gb;region
cloudwatch_alarm,cloudwatch_alarms_no_actions,CloudWatch Alarms Without Actions,Identifies metric and composite alarms with no ALARM-state actions,cloudwatch_delete_alarm,Yes,2,Yes,payload-replay+dedicated,test_cloudwatch_checks_actions.py,region
cloudwatch_alarm,cloudwatch_duplicate_alarms,CloudWatch Duplicate Alarms,Identifies CloudWatch alarms that appear duplicated (same metric/dimensions/threshold config),cloudwatch_consolidate_duplicate_alarms,Yes,2,Yes,payload-replay+dedicated,test_cloudwatch_checks_actions.py,region
cloudwatch_alarm,cloudwatch_high_volume_alerts_triggered,CloudWatch High Volume Alerts Triggered,Identifies CloudWatch alarms that trigger frequently over a lookback window (noisy alarms),cloudwatch_disable_alarm_actions,Yes,2,Yes,payload-replay+dedicated,test_cloudwatch_checks_actions.py,lookback_days;trigger_count_threshold;region
cloudwatch_log_group,cloudwatch_log_groups_high_ingest_bytes,CloudWatch Log Groups High Ingest (Bytes),Identifies CloudWatch Log Groups with very high ingested bytes over a lookback window,review,No,,No,,,lookback_days;high_ingest_bytes_threshold;region
cloudwatch_log_group,cloudwatch_log_groups_no_expiration,CloudWatch Log Groups Without Expiration,Identifies CloudWatch log groups without a retention policy,cloudwatch_set_log_group_retention,Yes,2,Yes,payload-replay+dedicated,test_cloudwatch_checks_actions.py,region
cloudwatch_log_group,cloudwatch_log_groups_no_recent_ingestion,CloudWatch Log Groups With No Recent Ingestion,Identifies CloudWatch Log Groups with no recent ingestion over a lookback window,review,No,,No,,,lookback_days;epsilon;region
dynamodb,dynamodb_best_fit_on_demand,DynamoDB Billing Mode Best Fit: On-Demand,Identifies DynamoDB tables where on-demand (PAY_PER_REQUEST) is likely a better fit,review,Yes,2,Yes,payload-replay+dedicated,test_dynamodb_payload_checks.py;test_dynamodb_synthetic_data.py,lookback_days;spike_ratio_threshold;low_utilization_threshold_pct;throttle_events_threshold;region
dynamodb,dynamodb_best_fit_provisioned,DynamoDB Billing Mode Best Fit: Provisioned,Identifies DynamoDB tables where provisioned capacity is likely a better fit,review,Yes,2,Yes,payload-replay+dedicated,test_dynamodb_checks_and_actions.py;test_dynamodb_payload_checks.py;test_dynamodb_synthetic_data.py,lookback_days;spike_ratio_max;min_avg_consumed_rcu;min_avg_consumed_wcu;throttle_events_max;region
dynamodb,dynamodb_gsi_unused,DynamoDB Unused GSI,Identifies DynamoDB GSIs with no read traffic (ConsumedReadCapacityUnits Sum == 0) over a lookback window,review,Yes,2,Yes,payload-replay+dedicated,test_dynamodb_checks_and_actions.py;test_dynamodb_payload_adapter.py;test_dynamodb_payload_checks.py;test_dynamodb_payload_generator.py;test_dynamodb_synthetic_data.py,lookback_days;period_seconds;region
dynamodb,dynamodb_underutilized_rcu,DynamoDB Underutilized Read Capacity (RCU),Identifies DynamoDB tables with low read capacity utilization over a lookback window,review,Yes,2,Yes,payload-replay+dedicated,test_dynamodb_checks_and_actions.py;test_dynamodb_payload_adapter.py;test_dynamodb_payload_checks.py;test_dynamodb_synthetic_data.py,lookback_days;rcu_utilization_threshold;min_provisioned_rcu;region
dynamodb,dynamodb_underutilized_tables,DynamoDB Underutilized Tables,Identifies DynamoDB tables with low item count over a specified period,review,Yes,2,Yes,payload-replay+dedicated,test_dynamodb_payload_checks.py;test_dynamodb_synthetic_data.py,lookback_days;item_count_threshold;region
dynamodb,dynamodb_underutilized_wcu,DynamoDB Underutilized Write Capacity (WCU),Identifies DynamoDB tables with low write capacity utilization over a lookback window,review,Yes,2,Yes,payload-replay+dedicated,test_dynamodb_checks_and_actions.py;test_dynamodb_payload_checks.py;test_dynamodb_synthetic_data.py,lookback_days;wcu_utilization_threshold;min_provisioned_wcu;region
ebs,ebs_gp2_volumes_convertible_to_gp3,EBS gp2 Volumes Convertible to gp3,Identifies gp2 EBS volumes that can be moved to gp3 to reduce cost,Modify volume type to gp3; tune IOPS/throughput,Yes,2,Yes,payload-replay+dedicated,test_ebs_payload_checks.py,min_size_gb;region
ebs,ebs_iops_overprovisioned_volume,EBS IOPs Overprovisioned Volume,Identifies EBS volumes with provisioned IOPS far above observed usage,ebs_reduce_iops,Yes,2,Yes,payload-replay+dedicated,test_ebs_checks_and_actions.py;test_ebs_payload_adapter.py;test_ebs_payload_checks.py;test_ebs_synthetic_data.py;test_elasticache_rds_eip_ebs_actions.py,lookback_days;utilization_threshold_pct;min_provisioned_iops;region
ebs,ebs_large_volumes_low_utilization,EBS Large Volumes with Low Utilization,Identifies large EBS volumes with low throughput/IOPS that may be downsized,Downsize volume; consider filesystem resize + snapshot/restore,Yes,2,Yes,payload-replay+dedicated,test_ebs_payload_checks.py;test_ebs_synthetic_data.py,lookback_days;min_size_gb;iops_threshold;throughput_mb_threshold;region
ebs,ebs_unattached_volumes,EBS Unattached Volumes,Finds EBS volumes not attached to any EC2 instance,snapshot_and_terminate,Yes,2,Yes,payload-replay+dedicated,test_ebs_checks_and_actions.py;test_ebs_payload_adapter.py;test_ebs_payload_checks.py;test_elasticache_rds_eip_ebs_actions.py,min_age_days;region
ebs,ebs_underutilized_provisioned_iops,EBS Underutilized Provisioned IOPS,Identifies io1/io2 EBS volumes with provisioned IOPS far above actual usage,ebs_reduce_iops,Yes,2,Yes,payload-replay+dedicated,test_ebs_payload_checks.py;test_ebs_synthetic_data.py,lookback_days;utilization_threshold_pct;min_provisioned_iops;region
ebs,ebs_underutilized_volume,EBS Underutilized Volume,Identifies attached EBS volumes with low I/O usage over a lookback window,review,Yes,2,Yes,payload-replay+dedicated,test_ebs_checks_and_actions.py;test_ebs_payload_adapter.py;test_ebs_payload_checks.py;test_ebs_payload_generator.py;test_ebs_synthetic_data.py,lookback_days;iops_threshold;throughput_mb_threshold;region
ec2,ec2_gpu_underutilized,EC2 GPU Underutilized,Identifies GPU instances doing CPU work while their GPUs remain idle,rightsize,No,,Yes,dedicated,test_ec2_gpu_telemetry.py,lookback_days;cpu_threshold;gpu_threshold;gpu_max_threshold;region
ec2,ec2_graviton_candidate,EC2 Graviton Migration Candidates,Identifies running EC2 instances with a known Graviton equivalent,migrate_to_graviton,Yes,2,Yes,payload-replay+dedicated,test_ec2_checks_actions.py;test_ec2_payload_adapter.py;test_ec2_payload_checks.py;test_ec2_synthetic_data.py,allowed_families;region
ec2,ec2_idle_instances,EC2 Idle Instances,Identifies EC2 instances with CPU utilization below threshold for specified days,stop,Yes,3,Yes,payload-replay+dedicated,test_ec2_checks.py;test_ec2_checks_actions.py;test_ec2_checks_and_actions.py;test_ec2_payload_adapter.py;test_ec2_payload_checks.py;test_ec2_payload_generator.py,idle_days;cpu_threshold;network_threshold;cpu_max_threshold;cpu_p90_threshold;cpu_p95_threshold;cpu_p99_threshold;region
ec2,ec2_unused_instances,EC2 Unused Instances,Identifies EC2 instances that have been stopped for an extended period,terminate,Yes,2,Yes,payload-replay+dedicated,test_ec2_checks_actions.py;test_ec2_checks_and_actions.py;test_ec2_payload_adapter.py;test_ec2_payload_checks.py;test_ec2_payload_generator.py;test_ec2_synthetic_data.py,stopped_days;region
ecs,ecs_idle_clusters_no_active_services_tasks,ECS Idle clusters (no active services/tasks),Identifies ECS clusters that have no active services or running tasks.,Delete cluster after verifying no dependencies,No,,No,,,require_zero_pending_tasks;region
ecs,ecs_overprovisioned_task_cpu_memory_reservations,ECS Overprovisioned task CPU/memory reservations,Identifies ECS services with low utilization compared to reserved task CPU/memory.,Rightsize task definition based on utilization,No,,No,,,lookback_days;utilization_threshold_pct;target_utilization_pct;min_desired_count;region
ecs,ecs_services_desired_count_zero,ECS Services desiredCount=0 but still present,Identifies active ECS services configured with desiredCount=0 that can usually be removed.,Delete service; clean up ALB/TG/log groups/roles,No,,No,,,require_running_zero;region
efs,efs_no_lifecycle_policy,EFS No Lifecycle Policy,Identifies EFS file systems without lifecycle policies for Infrequent Access (IA) transition,add_lifecycle_policy,No,,No,,,region
efs,efs_unused_file_systems,EFS Unused File Systems,Finds EFS file systems with no mount targets (unused),delete,No,,No,,,min_age_days;region
efs,efs_wrong_performance_mode,EFS Wrong Performance Mode,Identifies EFS file systems that may benefit from maxIO performance mode,review,No,,No,,,region
efs,efs_wrong_throughput_mode,EFS Wrong Throughput Mode,Identifies EFS file systems that may benefit from provisioned throughput mode,review,No,,No,,,region
elastic_ip,unused_elastic_ips,Unused Elastic IP Addresses,Identifies allocated VPC Elastic IP addresses without an association,release_unused_elastic_ip,No,,Yes,dedicated,test_elasticache_rds_eip_ebs_actions.py,region
elasticache,elasticache_low_item_count,ElastiCache Low Item Count,Identifies ElastiCache caches with very low item/key count over a lookback window,elasticache_downsize,Yes,3,Yes,payload-replay+dedicated,test_elasticache_checks_and_actions.py;test_elasticache_payload_adapter.py;test_elasticache_payload_checks.py;test_elasticache_rds_eip_ebs_actions.py;test_elasticache_rightsizer_v1.py;test_elasticache_synthetic_data.py;test_inventory_service_elasticache_import.py,lookback_days;low_item_threshold;region
elasticache,elasticache_non_graviton_instance_class,ElastiCache Non-Graviton Instance Class,Identifies ElastiCache resources that are not using Graviton-based instance classes,elasticache_migrate_graviton,Yes,2,Yes,payload-replay+dedicated,test_elasticache_checks_and_actions.py;test_elasticache_payload_checks.py;test_elasticache_payload_generator.py;test_elasticache_rds_eip_ebs_actions.py;test_elasticache_synthetic_data.py;test_inventory_service_elasticache_import.py,region
elasticache,elasticache_redis_convertible_to_valkey,ElastiCache Redis Convertible to Valkey,Identifies ElastiCache Redis OSS resources that are candidates to migrate/upgrade to Valkey,elasticache_upgrade_valkey,Yes,2,Yes,payload-replay+dedicated,test_elasticache_checks_and_actions.py;test_elasticache_payload_adapter.py;test_elasticache_payload_checks.py;test_elasticache_payload_generator.py;test_elasticache_rds_eip_ebs_actions.py;test_elasticache_synthetic_data.py;test_inventory_service_elasticache_import.py,eligible_min_redis_version;region
emr_cluster,emr_clusters_older_version,EMR Clusters Older Version,Identifies EMR clusters (RUNNING/WAITING) with ReleaseLabel below a minimum target,upgrade,No,,No,,,min_release_label;include_states;region
emr_cluster,emr_high_bootstrap_time,EMR High Bootstrap Time,Identifies EMR clusters with high time-to-ready (ReadyDateTime - CreationDateTime),review,No,,No,,,bootstrap_minutes_threshold;include_states;region
emr_cluster,emr_idle_clusters,EMR Idle Clusters,Identifies EMR clusters in WAITING state longer than a threshold,terminate,No,,No,,,idle_waiting_hours;include_states;region
emr_cluster,emr_no_instance_fleet_enabled,EMR No Instance Fleet Enabled,Identifies EMR clusters that are not using Instance Fleets (likely using Instance Groups),review,No,,No,,,include_states;region
emr_cluster,emr_not_using_spot_in_task,EMR Not Using Spot In Task Capacity,Identifies EMR clusters with task capacity that is On-Demand only (no Spot configured for TASK),review,No,,No,,,include_states;region
emr_cluster,emr_oversized_core_task_nodes,EMR Oversized Core/Task Nodes,Identifies EMR clusters with low utilization over a lookback window (potentially oversized),review,No,,No,,,lookback_hours;cpu_threshold;memory_threshold;require_memory_metric;include_states;region
emr_instance_fleet,emr_single_instance_type_in_fleet,EMR Single Instance Type In Fleet,Identifies EMR instance fleets (CORE/TASK) configured with only one instance type,review,No,,No,,,include_fleet_types;region
firehose_delivery_stream,kinesis_firehose_no_compression_or_columnar,Kinesis Firehose No Compression/Columnar,Identifies Firehose S3 destinations without compression and columnar conversion,enable_compression_or_columnar_conversion,No,,No,,,include_statuses;region
firehose_delivery_stream,kinesis_firehose_small_files_to_s3,Kinesis Firehose Small Files To S3,Identifies Firehose S3 destinations likely producing small output files,increase_buffering_to_reduce_small_files,No,,No,,,min_buffer_size_mb;min_buffer_interval_seconds;include_statuses;region
glue_job,glue_jobs_older_version,Glue Jobs Older Version,Identifies Glue jobs running older Glue versions than the minimum target,upgrade,No,,No,,,min_glue_version;region
glue_job,glue_underutilized_dcu,Glue Underutilized DCU,Identifies Glue jobs with low DPU utilization over recent runs,reduce_workers_or_dpu,No,,No,,,lookback_days;min_runs;max_avg_dpu_utilization;include_job_commands;region
glue_table,athena_datasources_low_avg_file_size,Athena Datasources Low Avg File Size,Identifies Athena datasource tables with small sampled average file size,compact_files,No,,No,,,min_avg_file_size_mb;max_files_per_source;max_partition_locations;parquet_only;include_table_types;exclude_databases;region
glue_table,athena_datasources_non_parquet_file_type,Athena Datasources Non-Parquet File Type,Identifies Athena datasource tables that are not Parquet,convert_to_parquet,No,,No,,,min_parquet_ratio;max_files_per_source;max_partition_locations;include_table_types;exclude_databases;region
glue_table,glue_tables_without_partitions,Glue Tables Without Partitions,Identifies Glue tables without partition keys,add_partitions,No,,No,,,include_table_types;exclude_databases;region
kinesis_stream,kinesis_inactive_streams,Kinesis Inactive Streams,Identifies Kinesis streams with no/near-zero traffic over a lookback window,delete_or_downsize_stream,No,,No,,,lookback_days;max_incoming_bytes_total;max_incoming_records_total;region
kinesis_stream,kinesis_over_sharded_streams,Kinesis Over-Sharded Streams,Identifies provisioned Kinesis streams with low utilization per shard,reduce_shards_or_switch_to_on_demand,No,,No,,,lookback_days;max_incoming_bytes_per_shard_per_sec;max_incoming_records_per_shard_per_sec;region
lambda,lambda_high_log_ingestion,Lambda High Log Ingestion,Identifies Lambda functions with excessive CloudWatch Logs ingestion costs,Reduce log verbosity and set retention,No,,No,,,lookback_days;log_ingestion_threshold_mb;min_invocations;region
lambda,lambda_overprovisioned_memory,Lambda Overprovisioned Memory,Identifies Lambda functions with memory allocation significantly higher than actual usage,Update memory configuration,No,,No,,,lookback_days;memory_utilization_threshold;min_invocations;region
lambda,lambda_provisioned_concurrency_low_usage,Lambda Provisioned Concurrency Low Usage,Identifies Lambda functions with underutilized provisioned concurrency,Reduce provisioned concurrency,No,,No,,,lookback_days;utilization_threshold;min_invocations;region
opensearch_domain,opensearch_dedicated_master_oversized,OpenSearch Dedicated Master Oversized,Identifies domains with low dedicated-master CPU utilization,downsize_dedicated_masters,No,,No,,,lookback_days;master_cpu_threshold;min_dedicated_masters;region
opensearch_domain,opensearch_gp2_to_gp3_candidate,OpenSearch gp2 to gp3 Candidate,Identifies OpenSearch domains using gp2 EBS volumes,migrate_ebs_gp2_to_gp3,No,,No,,,min_volume_size_gib;region
opensearch_domain,opensearch_idle_domains,OpenSearch Idle Domains,Identifies OpenSearch domains with minimal activity and low CPU,decommission_or_downsize_domain,No,,No,,,lookback_days;cpu_threshold;max_search_rate;max_index_rate;region
opensearch_domain,opensearch_low_storage_utilization,OpenSearch Low Storage Utilization,Identifies domains with high free storage ratio over a lookback window,reduce_storage_or_node_count,No,,No,,,lookback_days;min_free_storage_ratio;region
opensearch_domain,opensearch_no_ism_rollover_or_retention,OpenSearch No ISM Rollover/Retention,Identifies domains with many indices but no ISM policies configured,configure_ism_rollover_and_retention,No,,No,,,min_indices_to_consider;region
opensearch_domain,opensearch_old_cold_data_not_tiered,OpenSearch Old Cold Data Not Tiered,Identifies domains with many old time-series indices but no warm tier,enable_warm_or_cold_tiering,No,,No,,,old_data_days;min_old_indices;region
opensearch_domain,opensearch_outdated_instance_generation,OpenSearch Outdated Instance Generation,Identifies OpenSearch domains using older instance generations,upgrade_instance_generation,No,,No,,,min_generation;region
opensearch_domain,opensearch_underutilized_data_nodes,OpenSearch Underutilized Data Nodes,Identifies OpenSearch domains with low CPU/JVM and low query/index rates,rightsize_data_nodes,No,,No,,,lookback_days;cpu_threshold;jvm_pressure_threshold;max_search_rate;max_index_rate;min_data_nodes;region
opensearch_index,opensearch_over_replicated_indices,OpenSearch Over-Replicated Indices,Identifies indices with replica count above a configurable threshold,reduce_index_replicas,No,,No,,,max_replicas;min_index_size_gib;region
opensearch_index,opensearch_oversharded_indices,OpenSearch Oversharded Indices,Identifies indices with high shard density and small average shard size,reduce_shard_count,No,,No,,,max_shards_per_node;max_avg_shard_size_gib;region
rds,rds_idle_databases,RDS Idle Databases,Identifies RDS instances with CPU and connection count below threshold for specified days,stop,Yes,3,Yes,payload-replay+dedicated,test_inventory_service_rds_import.py;test_rds_checks_and_actions.py;test_rds_payload_adapter.py;test_rds_payload_checks.py;test_rds_payload_generator.py;test_rds_synthetic_data.py,idle_days;cpu_threshold;connections_threshold;region
rds_instance,rds_non_graviton_instance_class,RDS Non-Graviton Instance Class,Identifies RDS DB instances that are not using Graviton-based instance classes,rds_migrate_graviton,Yes,2,Yes,payload-replay+dedicated,test_elasticache_rds_eip_ebs_actions.py;test_inventory_service_rds_import.py;test_rds_checks_and_actions.py;test_rds_payload_adapter.py;test_rds_payload_checks.py;test_rds_payload_generator.py;test_rds_synthetic_data.py,region
redshift_cluster,redshift_idle_clusters_no_query_activity,Redshift Idle Clusters (No Query Activity),Identifies Redshift clusters with no query activity over a lookback window,Rightsize or pause cluster,No,,No,,,lookback_days;max_total_queries;cluster_statuses;region
redshift_cluster,redshift_overprovisioned_cluster,Redshift Overprovisioned Cluster,Identifies Redshift clusters with low compute-node CPU and disk usage (leader node excluded) over a lookback window,rightsize_cluster,No,,No,,,lookback_days;cpu_threshold;disk_usage_threshold;cluster_statuses;region
redshift_snapshot,redshift_older_snapshots,Redshift Older Snapshots,Identifies Redshift snapshots older than the configured age window,delete,No,,No,,,min_age_days;snapshot_type;include_statuses;region
s3,athena_query_results_bucket_no_lifecycle_policy,Athena Query Results Bucket No Lifecycle Policy,Identifies Athena query-results buckets without lifecycle configuration,add_lifecycle_policy,No,,No,,,include_states;region
s3,s3_inventory_enabled,S3 Inventory Enabled,Identifies S3 buckets with Inventory configured/enabled,review,Yes,2,Yes,payload-replay+dedicated,test_s3_checks_and_actions.py;test_s3_payload_adapter.py;test_s3_payload_checks.py;test_s3_synthetic_data.py,region
s3,s3_log_buckets_without_expiration_policy,S3 Log Buckets Without Expiration Policy,Identifies S3 log buckets that do not have lifecycle expiration configured for current objects,review,Yes,2,Yes,payload-replay+dedicated,test_s3_payload_checks.py;test_s3_synthetic_data.py,region;log_name_patterns;log_tag_keys;log_tag_values
s3,s3_logging_enabled,S3 Logging Enabled,Identifies S3 buckets with server access logging enabled,review,Yes,2,Yes,payload-replay+dedicated,test_s3_checks_and_actions.py;test_s3_payload_adapter.py;test_s3_payload_checks.py;test_s3_synthetic_data.py,region
s3,s3_no_archival_policy,S3 No Archival Policy,Identifies S3 buckets missing lifecycle transitions to archival/cold storage classes,review,Yes,2,Yes,payload-replay+dedicated,test_s3_payload_checks.py;test_s3_synthetic_data.py,region;include_infrequent_access
s3,s3_no_delete_marker_expiration,S3 No Delete Marker Expiration,Identifies versioned S3 buckets missing ExpiredObjectDeleteMarker lifecycle cleanup,review,Yes,2,Yes,payload-replay+dedicated,test_s3_payload_checks.py;test_s3_synthetic_data.py,region;require_versioning_enabled
s3,s3_no_expiration_policy,S3 No Expiration Policy,Identifies S3 buckets missing lifecycle Expiration rules for current objects,review,Yes,2,Yes,payload-replay+dedicated,test_s3_checks_and_actions.py;test_s3_payload_checks.py;test_s3_synthetic_data.py,region
s3,s3_no_lifecycle_policy,S3 No Lifecycle Policy,Identifies S3 buckets with no lifecycle configuration (no rules),review,Yes,2,Yes,payload-replay+dedicated,test_s3_checks_and_actions.py;test_s3_payload_adapter.py;test_s3_payload_checks.py;test_s3_payload_generator.py;test_s3_synthetic_data.py,region
s3,s3_no_mpu_policy,S3 No MPU Policy,Identifies S3 buckets missing lifecycle AbortIncompleteMultipartUpload rules,review,Yes,2,Yes,payload-replay+dedicated,test_s3_payload_checks.py;test_s3_synthetic_data.py,region
s3,s3_no_noncurrent_expiration,S3 No Noncurrent Expiration,Identifies versioned S3 buckets missing NoncurrentVersionExpiration lifecycle rules,review,Yes,2,Yes,payload-replay+dedicated,test_s3_payload_adapter.py;test_s3_payload_checks.py;test_s3_synthetic_data.py,region;require_versioning_enabled
s3,s3_no_noncurrent_version_transition,S3 No Noncurrent Version Transition,Identifies versioned S3 buckets missing lifecycle transitions for noncurrent (older) object versions,review,Yes,2,Yes,payload-replay+dedicated,test_s3_payload_checks.py;test_s3_synthetic_data.py,region;require_versioning_enabled;include_infrequent_access
s3,s3_replication_enabled,S3 Replication Enabled,Identifies S3 buckets with replication rules configured/enabled,review,Yes,2,Yes,payload-replay+dedicated,test_s3_payload_adapter.py;test_s3_payload_checks.py;test_s3_synthetic_data.py,region
snapshot,snapshot_old_snapshots,Old EBS Snapshots,Identifies EBS snapshots older than the specified age threshold,delete,No,,Yes,dedicated,test_snapshots_checks_and_actions.py,min_age_days;region
vpc,vpc_flow_logs_enabled,VPC Flow Logs Enabled,Identifies VPCs with Flow Logs enabled (generates log volume and associated costs),vpc_flow_logs_disabling,Yes,2,Yes,payload-replay+dedicated,test_vpc_flow_log_bucket_deletion.py;test_vpc_payload_generator.py,region
vpc,vpc_no_dynamodb_vpc_endpoint,VPC No DynamoDB VPC Endpoint,Identifies VPCs that do not have a DynamoDB VPC endpoint (Gateway endpoint),create,Yes,1,Yes,payload-replay,,region
vpc,vpc_no_s3_vpc_endpoint,VPC No S3 VPC Endpoint,Identifies VPCs that do not have an S3 VPC endpoint (Gateway endpoint),create,Yes,1,Yes,payload-replay,,region
sagemaker,sagemaker_endpoint_idle,SageMaker Endpoint Idle,Identifies old InService endpoints with no observed invocations,delete_endpoint,No,,Yes,unit,test_sagemaker_checks.py,lookback_days;minimum_samples;region
sagemaker,sagemaker_endpoint_overprovisioned,SageMaker Endpoint Overprovisioned,Identifies multi-instance variants with low native utilization,reduce_endpoint_instance_count,No,,Yes,unit,test_sagemaker_checks.py,lookback_days;cpu_threshold;gpu_threshold;target_utilization;region
sagemaker,sagemaker_endpoint_gpu_underutilized,SageMaker Endpoint GPU Underutilized,Identifies serving GPU endpoints with idle native metrics,rightsize,No,,Yes,unit,test_sagemaker_checks.py,lookback_days;gpu_threshold;gpu_memory_threshold;region
sagemaker,sagemaker_notebook_no_auto_stop,SageMaker Notebook Without Auto-Stop,Identifies InService notebooks without an auto-stop lifecycle script,attach_auto_stop_lifecycle_config,No,,Yes,unit,test_sagemaker_checks.py,auto_stop_patterns;region
sagemaker,sagemaker_notebook_idle,SageMaker Notebook Idle,Identifies InService notebooks idle according to agent telemetry,stop_notebook,No,,Yes,unit,test_sagemaker_checks.py,lookback_days;cpu_threshold;cpu_max_threshold;gpu_threshold;gpu_max_threshold;region
s3,s3_bucket_unused,S3 Bucket Unused,Identifies fully CUR-covered S3 buckets with no data-family activity,s3_review_unused_bucket,No,,Yes,unit,test_s3_optimizer_checks.py,window_days;region
s3,s3_bucket_low_access,S3 Bucket Low Access,Identifies S3 buckets below request and retrieval activity thresholds,s3_review_storage_class,No,,Yes,unit,test_s3_optimizer_checks.py,min_bucket_gb;requests_threshold;retrieval_threshold;region
s3,s3_bucket_retrieval_cost_dominant,S3 Bucket Retrieval Cost Dominant,Identifies IA or archive classes where observed retrieval costs dominate storage savings,s3_restore_to_standard,No,,Yes,unit,test_s3_optimizer_checks.py,region
sagemaker,sagemaker_training_no_managed_spot,SageMaker Training Without Managed Spot,Identifies recurring completed job families that always run on demand,enable_managed_spot_training,No,,Yes,unit,test_sagemaker_checks.py,job_history_days;minimum_runs;spot_discount;runs_per_month;region
